,Name,S_Mins,S_GP,S_PPM,S_NETRTG,SIM
0,DeMarcus Cousins,1.0,0.0,1.0,1.0,0.835
1,Arron Afflalo,0.7313432835820897,0.0,0.19045956298429373,0.9304734646676813,0.5155502399601479
2,Ty Lawson,0.7910447761194028,0.0,0.0,0.5622439014631602,0.37666534859381334
3,Kosta Koufos,0.07462686567164178,0.0,0.08851804143587177,0.9094763057206469,0.29854623757050464
4,Garrett Temple,0.0,0.0,0.1633250342908396,0.34809016485464184,0.14234389709549233
5,Matt Barnes,0.33582089552238803,0.0,0.15281687982979103,0.0,0.1360041808063565
