,Name,Team,Season,GP,Win%,Mins,Points,PPM,FGM,FGA,FG%,3PM,3PA,3P%,FTM,FTA,FT%,OREB,DREB,REB,AST,TOV,AST/TO,STL,BLK,EFG%,TS%,OFFRTG,DEFRTG,NETRTG,PF,Plusminus,PIE,S_Mins,S_GP,S_PPM,S_NETRTG,SIM
0,DeMarcus Cousins,SAC,2017,10,40.0,33.1,26.0,0.7854984894259819,8.4,17.8,47.19101123595505,0.8,2.8,28.57142857142857,8.4,10.9,77.06422018348624,2.2,6.4,8.6,2.9,2.7,1.0740740740740742,1.1,1.1,0.4943820224719101,0.5753230660293858,108.61299093655589,109.00211480362539,-0.3891238670695003,4.2,4,17.42688821752266,1.0,0.0,1.0,1.0,0.835
1,Arron Afflalo,SAC,2017,10,40.0,29.5,9.3,0.3152542372881356,3.3,8.2,40.243902439024396,1.0,2.5,40.0,1.7,1.8,94.44444444444444,0.1,2.6,2.7,0.9,0.4,2.25,0.4,0.1,0.4634146341463415,0.5171263345195729,104.03661016949152,105.34067796610168,-1.3040677966101555,2.3,-2,5.467796610169492,0.7313432835820897,0.0,0.19045956298429378,0.9304734646676793,0.5155502399601475
2,Ty Lawson,SAC,2017,10,40.0,30.3,6.2,0.20462046204620463,2.2,6.7,32.83582089552239,0.7,2.2,31.818181818181817,1.1,1.8,61.111111111111114,0.9,2.3,3.2,5.6,1.5,3.7333333333333334,1.1,0.1,0.3805970149253731,0.41377469300587294,100.32640264026404,106.47623762376239,-6.1498349834983514,2.2,-30,7.175247524752475,0.7910447761194028,0.0,0.0,0.56224390146316,0.3766653485938133
3,Kosta Koufos,SAC,2017,10,40.0,20.7,5.3,0.2560386473429952,2.6,5.1,50.98039215686274,0.0,0.1,0.0,0.1,0.3,33.33333333333333,1.8,4.7,6.5,1.0,1.4,0.7142857142857143,0.4,0.5,0.5098039215686274,0.5064984709480123,99.11435406698564,100.69473684210527,-1.5803827751196309,2.3,-4,9.274641148325358,0.07462686567164178,0.0,0.08851804143587177,0.909476305720646,0.29854623757050436
4,Garrett Temple,SAC,2017,10,40.0,19.7,5.9,0.29949238578680204,2.3,5.1,45.09803921568628,0.9,2.4,37.5,0.4,0.4,100.0,0.6,1.5,2.1,2.0,0.8,2.5,0.7,0.5,0.5392156862745098,0.5591357088703564,101.93401015228427,110.9020304568528,-8.968020304568526,1.4,-26,7.791878172588832,0.0,0.0,0.16332503429083967,0.34809016485464106,0.14234389709549214
5,Matt Barnes,SAC,2017,10,40.0,24.2,7.1,0.29338842975206614,2.5,6.8,36.76470588235294,1.2,4.0,30.0,0.9,1.1,81.81818181818183,1.0,4.3,5.3,2.6,1.9,1.368421052631579,0.7,0.3,0.45588235294117646,0.4873695771554091,98.71239669421487,112.2611570247934,-13.548760330578531,2.7,-61,8.01900826446281,0.33582089552238803,0.0,0.15281687982979109,0.0,0.1360041808063565
