,Name,S_Mins,S_GP,S_PPM,S_NETRTG,SIM
0,Al Horford,0.8755364806866952,0.0,0.8873876090690318,1.0,0.7690138716486773
1,Jeff Teague,0.8626609442060085,0.0,1.0000000000000002,0.5241634765172123,0.6643327971012964
2,Paul Millsap,1.0,0.0,0.6194033888523169,0.6469401168881684,0.6307989424311018
3,Dennis Schroder,0.49785407725321884,0.0,0.7838110030951457,0.5505989722459725,0.5099801613054238
4,Kent Bazemore,0.7553648068669527,0.0,0.17783541791498658,0.32309737662804305,0.3496694990591117
5,Mike Scott,0.0,0.0,0.0,0.0,0.0
