,Name,Team,Season,GP,Win%,Mins,Points,PPM,FGM,FGA,FG%,3PM,3PA,3P%,FTM,FTA,FT%,OREB,DREB,REB,AST,TOV,AST/TO,STL,BLK,EFG%,TS%,OFFRTG,DEFRTG,NETRTG,PF,Plusminus,PIE,S_Mins,S_GP,S_PPM,S_NETRTG,SIM
0,Al Horford,ATL,2016,10,80.0,31.7,17.6,0.555205047318612,7.4,14.3,51.74825174825175,1.2,3.6,33.33333333333333,1.6,1.8,88.88888888888889,2.4,5.6,8.0,2.7,1.7,1.588235294117647,0.8,1.8,0.5594405594405595,0.5830903790087464,104.25457413249211,96.0526813880126,8.201892744479508,1.4,49,15.445110410094635,0.8755364806866952,0.0,0.8873876090690316,1.0,0.7690138716486773
1,Jeff Teague,ATL,2016,10,80.0,31.4,18.2,0.5796178343949044,6.4,14.9,42.95302013422819,1.0,3.1,32.25806451612903,4.4,5.2,84.61538461538461,0.4,2.4,2.8,6.9,3.1,2.225806451612903,1.4,0.7,0.46308724832214765,0.5294391435885502,102.38821656050955,100.25414012738854,2.1340764331210096,2.1,18,12.06624203821656,0.8626609442060085,0.0,1.0,0.5241634765172128,0.6643327971012967
2,Paul Millsap,ATL,2016,10,80.0,34.6,17.2,0.49710982658959535,5.9,12.5,47.199999999999996,1.4,3.9,35.8974358974359,4.0,5.5,72.72727272727273,1.8,7.5,9.3,4.0,2.1,1.9047619047619047,2.3,1.0,0.528,0.5764075067024129,107.21213872832372,103.51242774566474,3.699710982658985,2.6,28,14.63757225433526,1.0,0.0,0.6194033888523167,0.6469401168881699,0.6307989424311021
3,Dennis Schroder,ATL,2016,10,80.0,22.9,12.2,0.5327510917030568,5.0,10.9,45.87155963302752,1.3,3.6,36.11111111111111,0.9,1.0,90.0,0.3,1.7,2.0,3.8,1.9,2.0,1.0,0.0,0.518348623853211,0.5379188712522046,104.94104803493451,102.46986899563319,2.471179039301319,1.3,7,10.963755458515283,0.49785407725321884,0.0,0.7838110030951455,0.5505989722459741,0.5099801613054242
4,Kent Bazemore,ATL,2016,10,80.0,28.9,11.6,0.4013840830449827,4.2,9.0,46.666666666666664,1.6,3.6,44.44444444444444,1.6,1.8,88.88888888888889,0.2,4.6,4.8,2.6,1.9,1.368421052631579,1.9,0.5,0.5555555555555556,0.5923202614379085,105.79140893470792,106.22130584192438,-0.42989690721645957,2.5,0,9.613402061855671,0.7553648068669527,0.0,0.17783541791498636,0.32309737662804494,0.3496694990591122
5,Mike Scott,ATL,2016,10,80.0,11.3,4.1,0.36283185840707965,1.5,3.4,44.11764705882353,0.3,1.1,27.27272727272727,0.8,0.8,100.0,0.5,1.3,1.8,1.0,0.4,2.5,0.0,0.0,0.4852941176470588,0.5463752665245202,94.28333333333335,98.83333333333333,-4.549999999999983,0.9,-16,8.278070175438597,0.0,0.0,0.0,0.0,0.0
