,Name,S_Mins,S_GP,S_PPM,S_NETRTG,SIM
0,Andre Drummond,0.9999999999999999,0.0,0.9999999999999998,0.59765501445176,0.7230139790224064
1,Langston Galloway,0.4753363228699553,0.0,0.6472002634752128,1.0,0.5907726831994051
2,Luke Kennard,0.8565022421524665,0.0,0.8959602104549167,0.33918259372564086,0.582174537896025
3,Bruce Brown,0.6412556053811661,0.0,0.21820620509400168,0.6005727163015333,0.40637627661951514
4,Tony Snell,0.6905829596412555,0.0,0.34226283734047047,0.20757903087523866,0.34525157708685517
5,Markieff Morris,0.6008968609865472,0.0,0.6203404657515184,0.0,0.3399110559420949
6,Thon Maker,0.0,0.0,0.0,0.25571773802469566,0.07117477041687362
