,Name,S_Mins,S_GP,S_PPM,S_NETRTG,SIM
0,Kevin Durant,1.0,0.0,0.7761635344607024,0.7081619981655849,0.6914706065809832
1,Stephen Curry,0.9411764705882355,0.0,1.0,0.46249253063299806,0.6690212053399099
2,Klay Thompson,0.9004524886877829,0.0,0.48035091090651416,0.2089513383296941,0.44248173538884417
3,Draymond Green,0.8235294117647061,0.0,0.0,0.5056202840667792,0.3699466653397634
4,Alfonzo McKinnie,0.0,0.0,0.2796859708370898,1.0,0.35617926188299
5,Jonas Jerebko,0.13122171945701355,0.0,0.25899553783347584,0.5579610740427627,0.2639096355544218
6,Kevon Looney,0.14932126696832582,0.0,0.10297412950005669,0.610212339819445,0.24006465326677864
7,Damian Jones,0.14027149321266963,0.0,0.14450055921806726,0.0,0.07926155459322176
