,Name,S_Mins,S_GP,S_PPM,S_NETRTG,SIM
0,Jodie Meeks,0.6349206349206351,0.0,0.6477358886147657,0.926483778597391,0.614877384093627
1,Jordan Hill,0.0,0.0,0.787118672239925,1.0,0.4974146971067791
2,Chris Kaman,0.015873015873015817,0.0,0.8145006527061422,0.8573054106844904,0.46973734372838216
3,Nick Young,0.33333333333333326,0.0,1.0,0.29139749748103516,0.45221674790999916
4,Xavier Henry,0.22222222222222232,0.0,0.5909206491072134,0.7665998187864952,0.4396950487489341
5,Pau Gasol,0.7777777777777779,0.0,0.7497068118189967,0.0,0.4251498774377689
6,Steve Blake,1.0000000000000002,0.0,0.0,0.363123752988167,0.37940277791503985
7,Jordan Farmar,0.1507936507936507,0.0,0.4934992237163227,0.7139300120378902,0.3780387034224887
8,Wesley Johnson,0.4285714285714284,0.0,0.08569291469131257,0.8287232708025065,0.37379821924816053
